{
 "models": [
  "haiku",
  "sonnet",
  "opus"
 ],
 "conditions": [
  "bare",
  "wrapped"
 ],
 "n_tasks": 8,
 "cells": {
  "haiku": {
   "bare": {
    "attempts": 80,
    "fidelity": 0.9785714285714285,
    "completion": 0.95,
    "completion_ci": [
     0.9,
     0.9875
    ],
    "mean_confidence": 0.853875,
    "overconfidence_gap": -0.0961249999999999,
    "brier": 0.061181249999999986,
    "ece": 0.09612499999999992
   },
   "wrapped": {
    "attempts": 72,
    "fidelity": 0.9950396825396826,
    "completion": 0.9861111111111112,
    "completion_ci": [
     0.9583333333333334,
     1.0
    ],
    "mean_confidence": 0.8516666666666667,
    "overconfidence_gap": -0.13444444444444448,
    "brier": 0.032511111111111116,
    "ece": 0.13444444444444434
   }
  },
  "sonnet": {
   "bare": {
    "attempts": 80,
    "fidelity": 0.9973214285714286,
    "completion": 0.9875,
    "completion_ci": [
     0.9625,
     1.0
    ],
    "mean_confidence": 0.89225,
    "overconfidence_gap": -0.09525000000000006,
    "brier": 0.022092499999999987,
    "ece": 0.09524999999999992
   },
   "wrapped": {
    "attempts": 80,
    "fidelity": 1.0,
    "completion": 1.0,
    "completion_ci": [
     1.0,
     1.0
    ],
    "mean_confidence": 0.914375,
    "overconfidence_gap": -0.08562499999999995,
    "brier": 0.008021250000000004,
    "ece": 0.08562499999999994
   }
  },
  "opus": {
   "bare": {
    "attempts": 80,
    "fidelity": 1.0,
    "completion": 1.0,
    "completion_ci": [
     1.0,
     1.0
    ],
    "mean_confidence": 0.902375,
    "overconfidence_gap": -0.09762499999999996,
    "brier": 0.011311250000000004,
    "ece": 0.09762499999999966
   },
   "wrapped": {
    "attempts": 80,
    "fidelity": 1.0,
    "completion": 1.0,
    "completion_ci": [
     1.0,
     1.0
    ],
    "mean_confidence": 0.9496249999999999,
    "overconfidence_gap": -0.05037500000000006,
    "brier": 0.0030512500000000014,
    "ece": 0.05037499999999997
   }
  }
 },
 "task_wrapper_lift": {
  "haiku": {
   "completion_lift": 0.036111111111111205,
   "fidelity_lift": 0.01646825396825402,
   "ece_change": 0.03831944444444442
  },
  "sonnet": {
   "completion_lift": 0.012499999999999956,
   "fidelity_lift": 0.002678571428571419,
   "ece_change": -0.00962499999999998
  },
  "opus": {
   "completion_lift": 0.0,
   "fidelity_lift": 0.0,
   "ece_change": -0.04724999999999969
  }
 },
 "telemetry": {
  "haiku": {
   "bare": {
    "mean_tokens": 28922.6,
    "mean_duration_s": 63.9508,
    "runs": 5
   },
   "wrapped": {
    "mean_tokens": 31809,
    "mean_duration_s": 79.187,
    "runs": 2
   }
  },
  "sonnet": {
   "bare": {
    "mean_tokens": 32943,
    "mean_duration_s": 87.301,
    "runs": 1
   },
   "wrapped": {
    "mean_tokens": 23346,
    "mean_duration_s": 123.943,
    "runs": 1
   }
  },
  "opus": {
   "bare": {
    "mean_tokens": 24275,
    "mean_duration_s": 74.222,
    "runs": 1
   },
   "wrapped": {
    "mean_tokens": 24967,
    "mean_duration_s": 76.401,
    "runs": 1
   }
  }
 },
 "agent_wrapper_routing": {
  "condition": "wrapped",
  "barrier": 0.7,
  "choices": {
   "fraction_to_decimal": "haiku",
   "int_to_words": "haiku",
   "full_justify": "haiku",
   "calculate3": "haiku",
   "multiply_strings": "haiku",
   "min_window": "haiku",
   "word_break": "haiku",
   "is_match": "haiku"
  },
  "routed_completion": 0.9861111111111112,
  "always_top_completion": 1.0,
  "top_model": "opus",
  "routed_cost_usd": 0.023856749999999996,
  "always_top_cost_usd": 1.123515,
  "cost_saving_multiple": 47.09,
  "routed_latency_s": 79.187,
  "always_top_latency_s": 76.401,
  "latency_saving_multiple": 0.96,
  "per_task_cost_usd": {
   "haiku": 0.0029820937499999995,
   "sonnet": 0.02626425,
   "opus": 0.140439375
  },
  "per_task_latency_s": {
   "haiku": 9.898375,
   "sonnet": 15.492875,
   "opus": 9.550125
  }
 },
 "agent_wrapper_routing_bare": {
  "condition": "bare",
  "barrier": 0.7,
  "choices": {
   "fraction_to_decimal": "haiku",
   "int_to_words": "haiku",
   "full_justify": "haiku",
   "calculate3": "haiku",
   "multiply_strings": "haiku",
   "min_window": "haiku",
   "word_break": "haiku",
   "is_match": "haiku"
  },
  "routed_completion": 0.95,
  "always_top_completion": 1.0,
  "top_model": "opus",
  "routed_cost_usd": 0.02169195,
  "always_top_cost_usd": 1.0923750000000003,
  "cost_saving_multiple": 50.36,
  "routed_latency_s": 63.95080000000001,
  "always_top_latency_s": 74.222,
  "latency_saving_multiple": 1.16,
  "per_task_cost_usd": {
   "haiku": 0.00271149375,
   "sonnet": 0.037060875,
   "opus": 0.136546875
  },
  "per_task_latency_s": {
   "haiku": 7.99385,
   "sonnet": 10.912625,
   "opus": 9.27775
  }
 },
 "agent_wrapper_routing_bare_pertask": {
  "condition": "bare",
  "barrier": 0.7,
  "choices": {
   "fraction_to_decimal": "haiku",
   "int_to_words": "haiku",
   "full_justify": "haiku",
   "calculate3": "haiku",
   "multiply_strings": "haiku",
   "min_window": "haiku",
   "word_break": "haiku",
   "is_match": "haiku"
  },
  "routed_completion": 0.95,
  "always_top_completion": 1.0,
  "top_model": "opus",
  "routed_cost_usd": 0.02169195,
  "always_top_cost_usd": 1.0923750000000003,
  "cost_saving_multiple": 50.36,
  "routed_latency_s": 63.95080000000001,
  "always_top_latency_s": 74.222,
  "latency_saving_multiple": 1.16,
  "per_task_cost_usd": {
   "haiku": 0.00271149375,
   "sonnet": 0.037060875,
   "opus": 0.136546875
  },
  "per_task_latency_s": {
   "haiku": 7.99385,
   "sonnet": 10.912625,
   "opus": 9.27775
  }
 }
}